epoch,accuracy,learning_rate,loss,val_accuracy,val_loss
0,0.05542968213558197,0.0010000000474974513,3.52461314201355,0.05717189610004425,3.4979569911956787
